날짜,시가,고가,저가,종가,거래량,등락률
2022-07-01,4910,5080,4670,4695,1385837,-4.959514170040486
2022-07-04,4800,4860,4440,4590,820228,-2.2364217252396164
2022-07-05,4610,4785,4570,4700,481516,2.3965141612200433
2022-07-06,4725,5080,4610,4860,1758425,3.404255319148936
2022-07-07,4890,4960,4780,4920,525681,1.2345679012345678
2022-07-08,4960,5250,4895,5200,1793487,5.691056910569105
2022-07-11,5230,5330,5140,5160,833630,-0.7692307692307693
2022-07-12,5060,5160,4995,5020,473480,-2.7131782945736433
2022-07-13,5010,5070,4920,4980,478977,-0.796812749003984
2022-07-14,4985,5020,4915,4945,322249,-0.7028112449799196
2022-07-15,4975,4975,4810,4945,337545,0.0
2022-07-18,4965,5110,4940,5090,369492,2.932254802831143
2022-07-19,5100,5270,5080,5160,506961,1.37524557956778
2022-07-20,5250,5350,5140,5200,771156,0.7751937984496124
2022-07-21,5240,5300,5150,5240,438884,0.7692307692307693
2022-07-22,5270,5750,5260,5520,5055042,5.343511450381679
2022-07-25,5560,7170,5550,7170,24705853,29.891304347826086
2022-07-26,7460,9320,7440,9320,59245347,29.9860529986053
2022-07-27,9210,9690,8870,9320,19662144,0.0
2022-07-28,9100,9100,8570,8750,6742289,-6.115879828326181
2022-07-29,8640,8960,8460,8540,5576178,-2.4
2022-08-01,8540,10050,8400,9560,17797057,11.943793911007026
2022-08-02,9400,9750,8840,9110,8081163,-4.707112970711297
2022-08-03,8510,8720,7610,7890,13839322,-13.391877058177826
2022-08-04,8030,9300,7810,8800,40401287,11.533586818757922
2022-08-05,8800,9470,8410,9000,15914190,2.272727272727273
2022-08-08,8960,9190,8910,9070,5499814,0.7777777777777778
2022-08-09,8250,8860,8150,8570,11912662,-5.512679162072767
2022-08-10,8630,10850,8600,10350,38608463,20.770128354725788
2022-08-11,10500,11700,10150,11000,25042913,6.280193236714976
2022-08-12,10800,11750,10550,11050,11289943,0.45454545454545453
2022-08-16,10700,10750,9790,10000,6267128,-9.502262443438914
2022-08-17,10200,10750,9950,10150,3582524,1.5
2022-08-18,9970,10400,9850,10350,1921134,1.9704433497536946
2022-08-19,10250,10500,9960,10000,1548149,-3.3816425120772946
2022-08-22,9900,10200,9550,10200,1714506,2.0
2022-08-23,10050,10350,10000,10350,1217580,1.4705882352941175
2022-08-24,10350,11450,10200,11000,5655580,6.280193236714976
2022-08-25,10800,11200,10750,11050,1706455,0.45454545454545453
2022-08-26,11150,11300,10850,11200,1886105,1.3574660633484164
2022-08-29,10750,12000,10600,11650,3289576,4.017857142857143
2022-08-30,11650,11900,11400,11900,2009660,2.1459227467811157
2022-08-31,11800,13150,11050,12050,5373907,1.2605042016806722
2022-09-01,11700,12250,11700,12100,1586011,0.4149377593360996
2022-09-02,12150,12250,11800,12100,1099212,0.0
2022-09-05,12600,13550,11350,13150,9487497,8.677685950413224
2022-09-06,12950,15650,12900,14850,19409079,12.927756653992395
2022-09-07,15200,16850,14950,16850,11763436,13.468013468013467
2022-09-08,16700,21250,16250,17450,25814302,3.5608308605341246
2022-09-13,17200,18000,15950,17700,11684668,1.4326647564469914
2022-09-14,17100,19500,16850,19100,12321360,7.909604519774012
2022-09-15,19650,21600,18950,20800,12790356,8.900523560209423
2022-09-16,20350,21300,19800,20550,4755864,-1.201923076923077
2022-09-19,20750,20850,16100,17300,11361724,-15.815085158150852
2022-09-20,17550,17800,16150,17100,8161690,-1.1560693641618496
2022-09-21,16900,17750,16600,17200,4548759,0.5847953216374269
2022-09-22,16800,20200,16650,19850,13759454,15.406976744186046
2022-09-23,20050,21350,18800,19150,9747942,-3.5264483627204033
2022-09-26,18750,19300,17700,17950,4549825,-6.266318537859007
2022-09-27,18350,18350,16900,18300,4670763,1.9498607242339834
2022-09-28,18300,19250,17500,17650,5630794,-3.551912568306011
2022-09-29,18100,18450,16300,16450,3277325,-6.79886685552408
2022-09-30,15550,16300,14900,15800,5348714,-3.951367781155015
2022-10-04,16750,16900,15850,16350,3493198,3.481012658227848
2022-10-05,16700,17900,16100,16600,5070441,1.529051987767584
2022-10-06,16450,17200,16200,17050,3315848,2.710843373493976
2022-10-07,16800,16950,15800,15800,2475315,-7.331378299120235
2022-10-11,15100,15600,14700,15450,2712076,-2.2151898734177213
2022-10-12,15500,15550,14350,14400,3663486,-6.796116504854369
2022-10-13,17200,18700,16250,18700,15826570,29.86111111111111
2022-10-14,18900,21550,18000,18650,23297781,-0.267379679144385
2022-10-17,18150,19050,17700,18800,6232987,0.8042895442359249
2022-10-18,20200,20250,18700,18900,5964767,0.5319148936170213
2022-10-19,18600,20300,18400,19550,8776590,3.439153439153439
2022-10-20,19550,20350,19250,19700,5096252,0.7672634271099744
2022-10-21,19500,19550,18400,18750,3029672,-4.822335025380711
2022-10-24,19000,19500,18400,19500,2657853,4.0
2022-10-25,19400,20150,19000,19900,3767043,2.051282051282051
2022-10-26,20000,20200,18600,18900,2868075,-5.025125628140704
2022-10-27,18800,19750,18700,19300,1773907,2.1164021164021163
2022-10-28,19300,25050,19150,24500,21013795,26.94300518134715
2022-10-31,25050,28150,24500,27500,19867174,12.244897959183673
2022-11-01,27200,29750,26800,28900,12022735,5.090909090909091
2022-11-02,29250,34550,28900,31850,15785198,10.207612456747404
2022-11-03,30550,32850,30350,31750,5801361,-0.3139717425431711
2022-11-04,31800,32250,29250,29800,4277410,-6.141732283464567
2022-11-07,29150,33600,28350,32800,11245390,10.06711409395973
2022-11-08,33200,33800,31850,32100,4403556,-2.1341463414634148
2022-11-09,32900,41500,32750,40100,19313857,24.922118380062305
2022-11-10,36250,38850,31800,31950,12554355,-20.32418952618454
2022-11-11,34050,34450,28300,31800,17955765,-0.4694835680751174
2022-11-14,30600,32050,30400,30850,3834812,-2.9874213836477987
2022-11-15,31350,31400,29300,30000,3556009,-2.755267423014587
2022-11-16,30000,33300,28900,31350,8685945,4.5
2022-11-17,30750,32000,30400,31500,2103226,0.4784688995215311
2022-11-18,31200,31700,30700,30900,1154031,-1.9047619047619049
2022-11-21,31250,32800,30950,32700,3421532,5.825242718446602
2022-11-22,33200,34950,32050,33500,5122338,2.4464831804281344
2022-11-23,33850,33900,32000,33650,2571721,0.44776119402985076
2022-11-24,33300,33650,32150,32350,2215029,-3.863298662704309
2022-11-25,32450,33500,30450,30650,3379771,-5.255023183925812
2022-11-28,29850,29900,27300,27650,4316272,-9.787928221859707
2022-11-29,27050,30300,26850,28250,6046715,2.1699819168173597
2022-11-30,30100,31050,28700,29150,4462956,3.185840707964602
2022-12-01,29550,34600,29150,32050,13784862,9.948542024013722
2022-12-02,32350,32900,30900,31950,4097757,-0.31201248049922
2022-12-05,32650,33000,31500,31850,2666594,-0.3129890453834116
2022-12-06,31100,31600,29900,30150,1609453,-5.337519623233909
2022-12-07,29550,30950,29100,29950,1648778,-0.6633499170812603
2022-12-08,30050,30350,28500,28750,1675748,-4.006677796327212
2022-12-09,29200,29400,27500,27800,1912795,-3.304347826086956
2022-12-12,27300,28550,26600,27900,2166630,0.3597122302158274
2022-12-13,28200,28500,26800,26800,1341284,-3.942652329749104
2022-12-14,26850,27300,26400,27050,1180923,0.9328358208955223
2022-12-15,26550,26750,25300,25500,2103541,-5.730129390018484
2022-12-16,24700,26300,24200,24200,2889124,-5.098039215686274
2022-12-19,24050,28950,24050,26850,12534960,10.950413223140496
2022-12-20,26650,26850,25100,25100,3868570,-6.517690875232775
2022-12-21,25850,26550,24500,24700,2649376,-1.593625498007968
2022-12-22,24900,25150,24100,24700,1869407,0.0
2022-12-23,25700,26150,24550,24550,5272304,-0.6072874493927125
2022-12-26,24400,24400,22750,23200,2126258,-5.4989816700611
2022-12-27,23550,26000,23550,25100,6906445,8.189655172413794
2022-12-28,24650,25000,23400,23600,2365630,-5.9760956175298805
2022-12-29,23750,24300,23300,23900,1561996,1.2711864406779663
2023-01-02,23400,24550,22800,23450,1972335,-1.882845188284519
2023-01-03,24850,27000,24200,24550,10132067,4.690831556503198
2023-01-04,24600,26250,24600,24950,3085200,1.6293279022403258
2023-01-05,25300,25750,24250,24400,1985675,-2.2044088176352705
2023-01-06,24100,25350,23800,24600,1605884,0.819672131147541
2023-01-09,24800,25250,24650,25200,1279740,2.4390243902439024
2023-01-10,25450,25650,24800,24800,1408774,-1.5873015873015872
2023-01-11,24900,25450,24900,25350,1158658,2.217741935483871
2023-01-12,25700,26200,25250,25350,2166386,0.0
2023-01-13,25550,25850,25050,25150,1132024,-0.7889546351084813
2023-01-16,25250,25250,24400,24750,1040363,-1.5904572564612325
2023-01-17,24800,24950,23950,24200,994337,-2.2222222222222223
2023-01-18,24200,24250,23300,23400,1067495,-3.3057851239669422
2023-01-19,23000,23500,22750,22800,952622,-2.564102564102564
2023-01-20,22600,23700,22500,23050,858476,1.0964912280701753
2023-01-25,23200,23800,23150,23450,853366,1.735357917570499
2023-01-26,23500,25300,23400,24800,5115227,5.756929637526652
2023-01-27,25450,26000,24800,24950,2572135,0.6048387096774194
2023-01-30,25300,27350,25250,26200,5926831,5.01002004008016
2023-01-31,26250,26600,25450,26400,2143629,0.7633587786259541
2023-02-01,26600,26950,25850,26100,1748144,-1.1363636363636365
2023-02-02,26900,27150,26200,26350,1727818,0.9578544061302682
2023-02-03,25700,25950,25200,25550,1386015,-3.0360531309297913
2023-02-06,25550,26850,25300,26750,1951862,4.6966731898238745
2023-02-07,26850,27150,26450,26650,1595357,-0.3738317757009346
2023-02-08,26650,26850,25800,26000,1197529,-2.4390243902439024
2023-02-09,26000,26900,25800,26400,1581752,1.5384615384615385
2023-02-10,26400,27400,26250,26450,1914034,0.1893939393939394
2023-02-13,26700,28850,26650,28050,6550146,6.049149338374291
2023-02-14,28450,30050,27500,29800,3590673,6.23885918003565
2023-02-15,30350,32600,29950,30400,7004483,2.013422818791946
2023-02-16,31000,32400,30850,31900,4378253,4.934210526315789
2023-02-17,31400,33250,30700,32150,5189674,0.7836990595611284
2023-02-20,32700,32800,30500,31050,2339295,-3.421461897356143
2023-02-21,31400,34700,30450,34700,8826019,11.755233494363928
2023-02-22,34900,41700,34800,36000,24147601,3.7463976945244957
2023-02-23,37450,39550,36500,38950,9837617,8.194444444444445
2023-02-24,38100,40900,37050,39500,9074627,1.4120667522464698
2023-02-27,38900,40200,38200,39050,3541404,-1.139240506329114
2023-02-28,39800,41150,37850,38500,4520725,-1.4084507042253522
2023-03-02,38850,44850,38850,42900,15284172,11.428571428571429
2023-03-03,43000,44150,42100,43900,4445748,2.331002331002331
2023-03-06,44850,45250,43350,45250,3791732,3.0751708428246016
2023-03-07,45050,55400,44250,53100,12826185,17.34806629834254
2023-03-08,52000,54300,50100,53500,5432022,0.7532956685499058
2023-03-09,51600,51800,45750,46350,5598893,-13.36448598130841
2023-03-10,45000,50700,44400,48150,6679726,3.8834951456310676
2023-03-13,47350,49400,46100,48300,3341832,0.3115264797507788
2023-03-14,48800,49250,45150,46500,2518348,-3.7267080745341614
2023-03-15,48000,50600,47700,49650,4216786,6.774193548387098
2023-03-16,50300,51000,47400,48650,2904851,-2.014098690835851
2023-03-17,50100,50100,46650,47450,2491866,-2.466598150051387
2023-03-20,45500,49400,45100,48750,2346280,2.73972602739726
2023-03-21,49650,62800,49150,60600,15701440,24.307692307692307
2023-03-22,62000,63700,60200,61600,5655617,1.65016501650165
2023-03-23,61200,79400,61100,72200,14169172,17.20779220779221
2023-03-24,75500,77900,69800,75900,5593676,5.124653739612189
2023-03-27,76400,82500,73200,77800,4088638,2.503293807641634
2023-03-28,80000,80300,72100,75500,2569478,-2.956298200514139
2023-03-29,75500,78600,73000,77000,1929546,1.9867549668874174
2023-03-30,78000,82000,77000,79000,1885339,2.5974025974025974
2023-03-31,77700,80400,76100,78500,1196258,-0.6329113924050633
2023-04-03,79000,80000,72800,78800,2361129,0.3821656050955414
2023-04-04,78800,84500,77000,77900,2897517,-1.1421319796954315
2023-04-05,77900,80000,76400,79900,1325008,2.5673940949935816
2023-04-06,80700,83000,79500,81100,1348294,1.5018773466833542
2023-04-07,81900,85000,80600,84900,2341406,4.68557336621455
2023-04-10,85500,92500,84200,89500,3597223,5.418138987043581
2023-04-11,89500,89700,81500,87800,1991383,-1.899441340782123
2023-04-12,86000,86000,74700,75000,3980826,-14.578587699316628
2023-04-13,70100,74700,66000,71200,3867669,-5.066666666666666
2023-04-14,75000,82400,74800,77100,3655784,8.286516853932584
2023-04-17,77000,79300,74200,77600,2072953,0.648508430609598
2023-04-18,78200,78900,75000,75800,1484084,-2.3195876288659796
2023-04-19,74900,75400,69200,69700,2404552,-8.047493403693931
2023-04-20,67700,71900,67200,68200,1874645,-2.1520803443328553
2023-04-21,67300,68800,64500,65400,1659541,-4.105571847507331
2023-04-24,62400,64100,59200,63600,3398569,-2.7522935779816518
2023-04-25,62800,63200,57500,58900,2161175,-7.3899371069182385
2023-04-26,62400,66600,59700,60000,3217048,1.8675721561969438
2023-04-27,58600,67100,57600,66200,2988137,10.333333333333334
2023-04-28,69900,72000,65600,66800,2535635,0.906344410876133
2023-05-02,67000,70500,65000,65400,1464968,-2.095808383233533
2023-05-03,65400,65900,62000,62300,879776,-4.740061162079511
2023-05-04,61100,62800,60100,62000,776427,-0.4815409309791332
2023-05-08,63000,63600,60200,60300,601031,-2.741935483870968
2023-05-09,60100,61600,58000,59700,790522,-0.9950248756218906
2023-05-10,59200,60600,57200,57400,807793,-3.8525963149078724
2023-05-11,69100,70400,62000,67800,5587318,18.118466898954704
2023-05-12,66400,70200,62000,62000,2886001,-8.55457227138643
2023-05-15,63200,66900,60700,61500,1669850,-0.8064516129032258
2023-05-16,59300,60000,54000,55900,3274131,-9.105691056910569
2023-05-17,53600,54300,50800,53500,3062670,-4.293381037567084
2023-05-18,55200,56500,53500,54000,1682443,0.9345794392523363
2023-05-19,53400,54900,51600,54700,1182612,1.2962962962962963
2023-05-22,53600,55700,51700,55000,2315184,0.5484460694698354
2023-05-23,54300,56600,53500,55100,1741165,0.18181818181818182
2023-05-24,54500,54900,53100,53500,921855,-2.9038112522686026
2023-05-25,52800,53400,51500,52200,703857,-2.4299065420560746
2023-05-26,52100,52100,48350,48950,2046788,-6.226053639846743
2023-05-30,48300,48900,46100,48900,1622261,-0.10214504596527069
2023-05-31,49050,49350,47700,48250,1093217,-1.329243353783231
2023-06-01,48300,51600,47700,48200,1957084,-0.10362694300518134
2023-06-02,48300,48850,47850,48400,921617,0.4149377593360996
2023-06-05,48800,52200,48750,50500,1942515,4.338842975206612
2023-06-07,51200,52800,50000,52200,1660960,3.3663366336633667
2023-06-08,52500,58900,50600,57000,5398629,9.195402298850574
2023-06-09,56200,56200,53500,54800,3118974,-3.8596491228070176
2023-06-12,54800,55600,53000,55000,1821826,0.36496350364963503
2023-06-13,55200,56200,54000,55300,1347114,0.5454545454545455
2023-06-14,56200,64500,56000,58600,7353269,5.967450271247739
2023-06-15,61700,63500,58900,60400,2907785,3.0716723549488054
2023-06-16,61300,61400,58500,60300,1249341,-0.16556291390728478
2023-06-19,60000,61200,59200,59400,991452,-1.4925373134328357
2023-06-20,59500,62800,57600,60300,1856518,1.5151515151515151
2023-06-21,60000,60800,58700,58800,752381,-2.4875621890547266
2023-06-22,59200,60000,58800,59600,617807,1.3605442176870748
2023-06-23,59400,59600,57700,58100,619341,-2.5167785234899327
2023-06-26,56500,57400,55300,56000,789716,-3.614457831325301
2023-06-27,55300,55400,52700,53600,949194,-4.285714285714286
2023-06-28,54500,54900,53100,53700,681055,0.18656716417910446
2023-06-29,53400,53700,52000,52300,545793,-2.60707635009311
2023-06-30,54600,56000,52400,53100,822038,1.5296367112810707
2023-07-03,53100,56400,52600,55800,1011297,5.084745762711865
2023-07-04,56600,60400,56500,58800,1709090,5.376344086021505
2023-07-05,61100,73600,60700,71200,9219700,21.08843537414966
2023-07-06,73000,75300,70900,73600,4583816,3.3707865168539324
2023-07-07,74200,87800,74000,83000,9965616,12.771739130434783
2023-07-10,85600,88500,83000,86900,4623967,4.698795180722891
2023-07-11,89100,108800,88500,105900,10413568,21.86421173762946
2023-07-12,101300,101300,92700,94300,6351466,-10.953729933899906
2023-07-13,89700,97100,86500,95000,6089556,0.7423117709437964
2023-07-14,95000,103600,90500,101300,5960077,6.631578947368421
2023-07-17,105400,115200,102000,112500,6387697,11.056268509378086
2023-07-18,106500,117100,105000,111200,5183703,-1.1555555555555554
2023-07-19,114100,116400,109400,111300,3153673,0.08992805755395684
2023-07-20,106000,111300,105900,108500,2651052,-2.515723270440252
2023-07-21,111700,128900,110900,122400,9514146,12.811059907834101
2023-07-24,130500,145000,126500,143200,5132902,16.99346405228758
2023-07-25,143200,157500,143200,150900,2828497,5.377094972067039
2023-07-26,163500,194000,126200,152200,8541007,0.8614976805831678
2023-07-27,156800,163500,108200,118000,8250389,-22.470433639947437
2023-07-28,110000,134600,105400,134100,7337957,13.644067796610168
2023-07-31,146700,160800,141000,159100,4556204,18.64280387770321
2023-08-01,163000,171200,146800,151900,5524075,-4.525455688246386
2023-08-02,143700,154700,137400,138100,3220373,-9.084924292297563
2023-08-03,146100,149000,135000,149000,2847448,7.892831281679942
2023-08-04,152000,158400,148000,155400,2325983,4.295302013422819
2023-08-07,157800,160000,132500,146100,3951291,-5.984555984555985
2023-08-08,142000,145500,134100,139900,3056904,-4.243668720054758
2023-08-09,142000,153400,141300,143100,2842013,2.28734810578985
2023-08-10,145000,147300,141300,143600,1372576,0.3494060097833683
2023-08-11,139800,139900,128000,129900,2958557,-9.540389972144848
2023-08-14,123200,134900,122000,131100,2344460,0.9237875288683602
2023-08-16,126100,128800,119600,119800,1740805,-8.619374523264684
2023-08-17,119200,132700,118500,132500,2969257,10.601001669449083
2023-08-18,134200,135700,125000,127800,1705722,-3.547169811320755
2023-08-21,126000,136800,126000,132900,1439390,3.9906103286384975
2023-08-22,134000,136500,127000,129600,2045816,-2.4830699774266365
2023-08-23,130700,130900,123300,123900,1001401,-4.398148148148148
2023-08-24,126100,127400,121500,124400,982491,0.40355125100887806
2023-08-25,121600,130000,120300,126500,1127350,1.6881028938906755
2023-08-28,129200,132600,127600,132000,1005752,4.3478260869565215
2023-08-29,132500,137900,127300,133600,1600086,1.2121212121212122
2023-08-30,135200,135800,129100,129500,1039854,-3.0688622754491015
2023-08-31,128500,129500,126000,129000,897335,-0.3861003861003861
2023-09-01,128600,128600,124500,125800,590604,-2.4806201550387597
2023-09-04,123000,127500,121600,126300,616639,0.39745627980922094
2023-09-05,126000,129300,123400,128200,719185,1.5043547110055424
2023-09-06,128800,138000,128800,132900,2062772,3.6661466458658345
2023-09-07,133200,133400,126000,130100,889706,-2.1068472535741156
2023-09-08,129400,137700,127500,136200,1141965,4.688700999231361
2023-09-11,138400,142000,130800,131300,1368033,-3.5976505139500734
2023-09-12,135800,135900,123000,123400,1524173,-6.016755521706017
2023-09-13,122000,125400,116000,117000,1203086,-5.186385737439222
2023-09-14,117000,120900,113800,120400,874195,2.905982905982906
2023-09-15,120300,131700,118500,129300,1476406,7.392026578073089
2023-09-18,131000,132900,128000,131900,701100,2.010827532869296
2023-09-19,132300,132800,128600,130000,418858,-1.4404852160727823
2023-09-20,129300,132200,129000,130800,424155,0.6153846153846154
2023-09-21,130800,133400,129200,129500,638277,-0.9938837920489296
2023-09-22,126100,128800,122500,127500,523074,-1.5444015444015444
2023-09-25,125800,127000,120800,120800,562574,-5.254901960784314
2023-09-26,118500,123800,118200,118700,479658,-1.73841059602649
2023-09-27,116300,121500,116000,120300,388982,1.3479359730412805
2023-10-04,120200,121500,117900,119100,504886,-0.997506234413965
2023-10-05,121000,122000,109100,111000,744369,-6.801007556675064
2023-10-06,108100,114300,108100,110100,508400,-0.8108108108108109
2023-10-10,110000,111800,102000,103000,876714,-6.448683015440508
2023-10-11,105000,113900,103700,111000,735782,7.766990291262135
2023-10-12,112100,119000,111600,118900,558207,7.117117117117116
2023-10-13,120400,121500,115300,117000,511942,-1.59798149705635
2023-10-16,113500,121100,113100,118200,569313,1.0256410256410255
2023-10-17,121000,121900,117500,117900,487392,-0.25380710659898476
2023-10-18,117600,119000,115400,117000,302298,-0.7633587786259541
2023-10-19,114300,114400,109100,110600,496401,-5.47008547008547
2023-10-20,106100,109500,100500,103500,3993116,-6.419529837251356
2023-10-23,103800,104600,98500,98900,674672,-4.444444444444445
2023-10-24,99400,101000,91500,100800,1176799,1.9211324570273005
2023-10-25,101700,105000,92900,93000,785042,-7.738095238095238
2023-10-26,89500,92100,84400,85600,1180729,-7.956989247311828
2023-10-27,85400,92700,83000,91200,1244745,6.5420560747663545
2023-10-30,91000,97300,89100,95600,621385,4.824561403508771
2023-10-31,96100,96100,87600,87800,764470,-8.158995815899582
2023-11-01,89400,92500,86200,87400,635249,-0.45558086560364464
2023-11-02,91200,93700,90200,91700,767703,4.919908466819222
2023-11-03,94600,96100,90700,92100,678664,0.43620501635768816
2023-11-06,105300,119700,100200,119700,2621575,29.967426710097723
2023-11-07,119700,125300,106000,111000,2416160,-7.268170426065162
2023-11-08,107500,111200,100000,101400,919919,-8.64864864864865
2023-11-09,103500,104200,98500,102700,709710,1.282051282051282
2023-11-10,99500,101900,97800,100400,385336,-2.239532619279455
2023-11-13,101900,104200,99000,99600,412890,-0.796812749003984
2023-11-14,101000,104600,100500,104200,656993,4.618473895582329
2023-11-15,111500,111500,99000,100200,998669,-3.8387715930902107
2023-11-16,100200,101500,99000,99400,470574,-0.7984031936127743
2023-11-17,98800,99400,94400,98000,632147,-1.4084507042253522
2023-11-20,95500,101000,95500,99600,525121,1.6326530612244898
2023-11-21,100700,100900,96000,98700,558551,-0.9036144578313252
2023-11-22,97800,98400,96200,96800,438661,-1.9250253292806485
2023-11-23,97300,101300,96400,99900,619110,3.202479338842975
2023-11-24,100500,109000,100000,105300,997123,5.405405405405405
2023-11-27,107400,109500,105500,108200,701314,2.7540360873694207
2023-11-28,109900,124800,109500,115700,2197766,6.931608133086876
2023-11-29,120500,122500,116500,121000,1397523,4.580812445980985
2023-11-30,120700,129500,116800,128300,4397760,6.033057851239669
2023-12-01,124400,127000,120500,122500,1018478,-4.520654715510522
2023-12-04,122900,126600,114600,116900,1030032,-4.571428571428571
2023-12-05,116900,120500,112000,113400,560446,-2.9940119760479043
2023-12-06,112200,113300,108600,110000,489580,-2.9982363315696645
2023-12-07,112800,113900,108000,112300,536720,2.090909090909091
2023-12-08,113400,116100,112500,116000,444216,3.2947462154942118
2023-12-11,116700,116800,112900,113700,385757,-1.9827586206896552
2023-12-12,112900,114400,111400,114400,334345,0.6156552330694811
2023-12-13,113400,113500,108900,109600,439750,-4.195804195804196
2023-12-14,111400,113000,109600,111700,514772,1.916058394160584
2023-12-15,112600,117000,112200,115000,677629,2.954341987466428
2023-12-18,117500,121900,115300,117800,850029,2.4347826086956523
2023-12-19,117800,118200,114000,115900,462765,-1.6129032258064515
2023-12-20,116800,117900,114400,115700,363415,-0.1725625539257981
2023-12-21,114200,116200,111600,111800,508465,-3.3707865168539324
2023-12-22,111900,113400,108800,109000,430396,-2.5044722719141324
2023-12-26,104600,107000,101000,103800,737433,-4.770642201834862
2023-12-27,103800,124000,102200,115900,3154061,11.657032755298651
2023-12-28,117000,120200,107500,109200,2972899,-5.780845556514237
2024-01-02,109200,110200,105700,105900,590091,-3.021978021978022
2024-01-03,104600,104600,101600,104000,590200,-1.794145420207743
2024-01-04,101300,104900,101000,102800,395247,-1.153846153846154
2024-01-05,102300,107000,101200,104200,592555,1.3618677042801557
2024-01-08,105100,106300,103100,104900,326287,0.6717850287907869
2024-01-09,105200,107000,103900,104400,279458,-0.47664442326024786
2024-01-10,103600,104400,101200,101800,322179,-2.490421455938697
2024-01-11,101900,103500,101200,101200,342969,-0.5893909626719057
2024-01-12,100600,101100,98000,99700,399230,-1.4822134387351777
2024-01-15,99500,101200,98400,99800,310384,0.10030090270812438
2024-01-16,99000,100100,97700,98100,263982,-1.7034068136272544
2024-01-17,97100,97900,93500,93500,434439,-4.689092762487258
2024-01-18,91800,95400,91000,91800,349514,-1.8181818181818181
2024-01-19,92000,93800,88600,89800,524170,-2.178649237472767
2024-01-22,87100,89200,83000,83000,859776,-7.57238307349666
2024-01-23,81400,84300,80300,80800,658701,-2.6506024096385543
2024-01-24,80500,81400,76600,79000,689108,-2.2277227722772275
2024-01-25,77900,78400,73600,75100,745916,-4.936708860759493
2024-01-26,72800,82500,72300,80000,859425,6.524633821571238
2024-01-29,82800,82900,76800,79000,518854,-1.25
2024-01-30,79700,81900,77900,78000,369342,-1.2658227848101267
2024-01-31,77100,80100,76800,78100,331214,0.1282051282051282
2024-02-01,77200,80000,75100,78900,364873,1.0243277848911652
2024-02-02,79400,82400,78900,80600,385021,2.1546261089987326
2024-02-05,80900,81100,79000,80500,247693,-0.12406947890818859
2024-02-06,79400,80400,77700,79500,271609,-1.2422360248447204
2024-02-07,81200,85700,80600,80900,589695,1.7610062893081762
2024-02-08,82800,84000,81500,83900,418095,3.7082818294190356
2024-02-13,85300,86000,82700,82900,479426,-1.1918951132300357
2024-02-14,81000,85300,79000,84000,454271,1.3268998793727382
2024-02-15,85200,99000,85100,94800,1831413,12.857142857142856
2024-02-16,98800,99100,94200,95100,627558,0.31645569620253167
2024-02-19,94000,96000,91000,91500,434487,-3.7854889589905363
2024-02-20,89800,93000,87200,92600,475676,1.2021857923497268
2024-02-21,89600,94600,89500,93000,445597,0.4319654427645789
2024-02-22,97200,97200,91600,92000,287659,-1.0752688172043012
2024-02-23,91000,92300,89700,90900,259514,-1.1956521739130435
2024-02-26,90000,92000,90000,90100,246364,-0.88008800880088
2024-02-27,91000,94700,89700,91500,501109,1.553829078801332
2024-02-28,94000,98000,92800,94900,670778,3.715846994535519
2024-02-29,96600,97400,94800,96500,605250,1.685985247629083
2024-03-04,98500,101200,98400,100400,570561,4.041450777202073
2024-03-05,110100,129500,110000,125300,6891039,24.800796812749006
2024-03-06,130500,134100,116000,118800,4212679,-5.18754988028731
2024-03-07,122600,130000,118100,124200,2494920,4.545454545454546
2024-03-08,126900,132000,123500,127700,2592648,2.818035426731079
2024-03-11,129100,132600,122900,125300,1574901,-1.8794048551292093
2024-03-12,124200,127000,120000,126600,1080603,1.0375099760574622
2024-03-13,127300,127900,122100,123100,674915,-2.764612954186414
2024-03-14,121900,129300,120100,125800,972301,2.1933387489845653
2024-03-15,123900,126400,121100,126400,1117572,0.47694753577106513
2024-03-18,126700,133400,124800,130100,1233354,2.9272151898734178
2024-03-19,133500,133600,126400,127100,734533,-2.3059185242121445
2024-03-20,127100,127100,123000,123000,512468,-3.225806451612903
2024-03-21,124400,125400,122900,123000,435314,0.0
2024-03-22,120600,122400,118300,120000,695616,-2.4390243902439024
2024-03-25,118800,123000,116800,120500,610435,0.4166666666666667
2024-03-26,120000,121000,118200,118700,460076,-1.4937759336099585
2024-03-27,118000,118700,113000,114300,855213,-3.7068239258635214
2024-03-28,120000,120200,112500,113100,730513,-1.0498687664041995
2024-03-29,106000,121100,105600,115600,1585109,2.2104332449160036
2024-04-01,118900,120500,116600,118200,495306,2.249134948096886
2024-04-02,117200,118000,113400,113900,385051,-3.6379018612521152
2024-04-03,110200,119000,108500,114400,3060601,0.4389815627743635
2024-04-04,116900,119100,112000,114800,449206,0.34965034965034963
2024-04-05,112000,114300,109900,111600,345479,-2.7874564459930316
2024-04-08,108000,111200,106000,109700,465465,-1.702508960573477
2024-04-09,111500,113400,108000,108300,312694,-1.276207839562443
2024-04-11,106700,108300,104500,104800,338590,-3.2317636195752537
2024-04-12,104800,104800,100800,101000,464045,-3.6259541984732824
2024-04-15,97700,100800,97300,98400,442018,-2.5742574257425743
2024-04-16,96000,97600,93400,93700,556334,-4.776422764227642
2024-04-17,92900,94700,90400,91700,481121,-2.134471718249733
2024-04-18,92200,97600,92200,97100,428607,5.888767720828789
2024-04-19,99300,100200,92200,94400,542963,-2.780638516992791
2024-04-22,95600,97900,93400,96000,345296,1.694915254237288
2024-04-23,96000,96800,93100,93200,262220,-2.9166666666666665
2024-04-24,96300,96500,93100,93900,322435,0.7510729613733905
2024-04-25,94000,94500,91100,91200,373830,-2.8753993610223643
2024-04-26,91600,92100,89600,92000,350444,0.8771929824561403
2024-04-29,92000,94500,90900,93700,286839,1.8478260869565217
2024-04-30,96200,96500,93200,94100,232993,0.42689434364994666
2024-05-02,93400,93500,91500,91500,215330,-2.763018065887354
2024-05-03,91500,97800,90600,95200,510228,4.043715846994536
2024-05-07,96700,104900,96100,104000,868705,9.243697478991598
2024-05-08,106000,106100,99300,104500,610419,0.4807692307692308
2024-05-09,103000,103500,100400,100500,354105,-3.827751196172249
2024-05-10,100500,101500,97300,98300,351463,-2.1890547263681595
2024-05-13,96800,100800,96000,96000,400606,-2.3397761953204474
2024-05-14,97600,100100,95100,95700,313405,-0.3125
2024-05-16,97000,97100,95000,96700,252518,1.044932079414838
2024-05-17,96000,98400,95200,95200,263084,-1.5511892450879008
2024-05-20,95200,96000,93900,94200,249891,-1.050420168067227
2024-05-21,93500,93900,90700,90900,1082129,-3.5031847133757963
2024-05-22,90900,92700,88100,90100,499987,-0.88008800880088
2024-05-23,88500,89900,87200,88100,441602,-2.2197558268590454
2024-05-24,85700,86800,84000,85100,471525,-3.40522133938706
2024-05-27,84300,87700,81300,86800,789564,1.9976498237367801
2024-05-28,87000,87200,84000,84500,342383,-2.6497695852534564
2024-05-29,82700,83300,80500,80900,424691,-4.260355029585798
2024-05-30,79200,82200,78700,78800,429771,-2.595797280593325
2024-05-31,78300,85000,77500,83300,913109,5.710659898477157
2024-06-03,83500,83900,81300,81600,340631,-2.0408163265306123
2024-06-04,80500,84000,80500,82000,328430,0.49019607843137253
2024-06-05,82000,88100,81300,85400,576556,4.146341463414634
2024-06-07,87300,90100,85500,90000,529930,5.386416861826698
2024-06-10,90200,90200,86000,87500,529585,-2.7777777777777777
2024-06-11,88200,92700,87900,89600,648697,2.4
2024-06-12,89600,92400,87800,90600,330869,1.1160714285714286
2024-06-13,92000,92200,89500,90700,392839,0.11037527593818984
2024-06-14,90600,90600,87500,88500,390776,-2.4255788313120177
2024-06-17,87300,89000,86000,87600,217541,-1.0169491525423728
2024-06-18,88000,89000,85000,85100,274899,-2.853881278538813
2024-06-19,83000,85500,82300,84800,478828,-0.35252643948296125
2024-06-20,84100,85200,82200,82400,261166,-2.8301886792452833
2024-06-21,81000,82600,80900,81200,301082,-1.4563106796116505
2024-06-24,81300,83800,80000,80400,342998,-0.9852216748768473
2024-06-25,82300,82900,80200,80800,231085,0.4975124378109453
2024-06-26,80900,82000,79000,79900,335488,-1.1138613861386137
2024-06-27,79900,81300,78800,79300,224311,-0.7509386733416771
2024-06-28,80400,91000,79400,86000,1401653,8.448928121059268
2024-07-01,86100,86100,83600,84500,381725,-1.744186046511628
2024-07-02,83400,87500,79300,87300,879936,3.3136094674556213
2024-07-03,86500,88000,82500,83600,692809,-4.238258877434135
2024-07-04,84000,84900,81700,82800,388385,-0.9569377990430622
2024-07-05,82800,83300,80800,83000,345292,0.24154589371980675
2024-07-08,83000,85000,81600,83200,348457,0.24096385542168677
2024-07-09,83500,86200,82700,84800,387050,1.9230769230769231
2024-07-10,84800,85000,82500,82500,283263,-2.7122641509433962
2024-07-11,82500,83600,81600,82800,360123,0.36363636363636365
2024-07-12,82500,82500,80100,81200,303032,-1.932367149758454
2024-07-15,81300,81900,80000,80100,225216,-1.354679802955665
2024-07-16,80100,80100,77000,77300,433887,-3.495630461922597
2024-07-17,77300,78200,74800,74900,388141,-3.1047865459249677
2024-07-18,73300,74700,71600,72600,461755,-3.0707610146862483
2024-07-19,72600,75600,72000,75600,303703,4.132231404958678
2024-07-22,74900,74900,69700,70500,396593,-6.746031746031746
2024-07-23,69600,71400,67100,67800,604443,-3.829787234042553
2024-07-24,66700,68900,66000,66400,362531,-2.0648967551622417
2024-07-25,64800,67000,63000,66500,825872,0.15060240963855423
2024-07-26,66500,68200,64500,66500,373080,0.0
2024-07-29,66500,71300,65800,69100,459673,3.909774436090226
2024-07-30,68700,70500,68500,69200,227531,0.1447178002894356
2024-07-31,69200,69400,66500,67500,233045,-2.4566473988439306
2024-08-01,67500,69100,66100,68400,231576,1.3333333333333335
2024-08-02,66500,68100,65300,66300,252140,-3.070175438596491
2024-08-05,64800,65000,51000,56100,904354,-15.384615384615385
2024-08-06,56700,66000,56700,64600,823676,15.151515151515152
2024-08-07,64700,65200,62000,62400,388774,-3.4055727554179565
2024-08-08,61300,61700,59100,59400,474678,-4.807692307692308
2024-08-09,60100,63300,60100,61300,371497,3.1986531986531985
2024-08-12,61400,62200,60200,60400,279803,-1.468189233278956
2024-08-13,60900,61000,58300,59600,256184,-1.3245033112582782
2024-08-14,60800,61200,59500,60300,255420,1.174496644295302
2024-08-16,62500,62900,59600,59600,365149,-1.1608623548922055
2024-08-19,59600,60000,57000,57200,312659,-4.026845637583892
2024-08-20,58500,58700,57000,58400,244606,2.097902097902098
2024-08-21,58000,58600,57000,57900,255101,-0.8561643835616438
2024-08-22,58100,59300,57200,58300,272769,0.690846286701209
2024-08-23,57300,57300,54300,55200,477644,-5.317324185248713
2024-08-26,54200,56000,52600,53400,573878,-3.260869565217391
2024-08-27,56300,57000,53400,53900,695407,0.9363295880149813
2024-08-28,53100,53600,45700,47500,2101652,-11.873840445269018
2024-08-29,45800,48000,43700,47600,1327515,0.21052631578947367
2024-08-30,47700,47850,45550,46300,667939,-2.73109243697479
2024-09-02,45900,49200,45500,47350,965991,2.267818574514039
2024-09-03,47850,48450,46300,47050,426771,-0.6335797254487857
2024-09-04,45700,46350,44550,44750,444457,-4.888416578108395
2024-09-05,45000,46050,43400,43900,356722,-1.899441340782123
2024-09-06,43400,44400,41400,41900,446321,-4.555808656036446
2024-09-09,40200,44200,40150,43300,555582,3.341288782816229
2024-09-10,43600,48800,43600,46250,846055,6.812933025404157
2024-09-11,46100,48450,45750,46300,641318,0.10810810810810811
2024-09-12,46900,49950,46150,49950,829471,7.883369330453564
2024-09-13,50000,50100,47200,48500,518046,-2.902902902902903
2024-09-19,50700,52500,48550,49750,625380,2.5773195876288657
2024-09-20,61600,62000,53300,53700,2453833,7.939698492462312
2024-09-23,53700,58300,53400,54500,1084701,1.48975791433892
2024-09-24,54500,57000,54500,56600,695880,3.853211009174312
2024-09-25,57900,58000,55500,56300,560488,-0.5300353356890459
2024-09-26,56400,57300,55300,57200,499789,1.5985790408525755
2024-09-27,56200,56900,55300,56500,545194,-1.2237762237762237
2024-09-30,51800,53300,51000,52300,1201553,-7.433628318584071
2024-10-02,49800,53000,49100,51400,602268,-1.7208413001912046
2024-10-04,50400,50700,48050,48400,770225,-5.836575875486381
2024-10-07,47000,53600,46950,53600,1153490,10.743801652892563
2024-10-08,52800,53000,51000,52700,476772,-1.6791044776119404
2024-10-10,52700,55800,51200,55300,785936,4.933586337760911
2024-10-11,54800,55700,52100,52400,474993,-5.244122965641953
2024-10-14,51000,52200,50300,50500,330758,-3.6259541984732824
2024-10-15,48450,50200,48400,49400,602209,-2.178217821782178
2024-10-16,49250,49300,47600,47950,302034,-2.935222672064777
2024-10-17,48050,50500,48050,49850,456607,3.962460896767466
2024-10-18,49500,50400,48500,49750,312840,-0.20060180541624875
2024-10-21,47800,48900,46000,46550,529863,-6.432160804020101
2024-10-22,46550,46550,43900,44950,455170,-3.4371643394199785
2024-10-23,44150,45400,43850,44100,306079,-1.8909899888765296
2024-10-24,44250,44850,42450,42600,371994,-3.4013605442176873
2024-10-25,43000,44750,42400,43250,284320,1.5258215962441315
2024-10-28,43100,44400,42500,44100,299019,1.9653179190751446
2024-10-29,0,0,0,44100,0,0.0
2024-10-30,35300,41050,35100,38250,1806622,-13.26530612244898
2024-10-31,37100,41500,36500,41500,1311655,8.49673202614379
2024-11-01,44100,48950,42800,43800,2326116,5.542168674698795
2024-11-04,44000,45400,43200,43950,486751,0.3424657534246575
2024-11-05,43600,46350,42400,45000,632023,2.3890784982935154
2024-11-06,45300,45300,41000,42450,713782,-5.666666666666666
2024-11-07,41300,41600,39700,41000,473328,-3.415783274440518
2024-11-08,41050,42700,41050,41400,374047,0.975609756097561
2024-11-11,38700,39500,37000,38100,954741,-7.971014492753622
2024-11-12,38500,39100,37100,37100,489753,-2.6246719160104988
2024-11-13,36200,36450,34300,34300,610450,-7.547169811320755
2024-11-14,34000,34600,32100,33600,827893,-2.0408163265306123
2024-11-15,31200,32300,29000,31100,792651,-7.440476190476191
2024-11-18,30400,32000,29700,30450,737145,-2.090032154340836
2024-11-19,30450,30650,28700,29050,855812,-4.597701149425287
2024-11-20,28800,29600,27550,29400,748408,1.2048192771084338
2024-11-21,28800,29250,27850,27950,648076,-4.931972789115646
2024-11-22,27550,30000,27050,27100,1092473,-3.041144901610018
2024-11-25,27500,31900,27450,28400,5256645,4.797047970479705
2024-11-26,29100,30000,27400,27800,1344533,-2.112676056338028
2024-11-27,28100,28300,27500,27500,581295,-1.079136690647482
2024-11-28,28100,33800,27750,31850,2986841,15.818181818181817
2024-11-29,32450,32950,29000,29500,1510189,-7.378335949764521
2024-12-02,29850,32450,29400,29400,1293655,-0.3389830508474576
2024-12-03,28050,28400,26800,27000,4191649,-8.16326530612245
2024-12-04,26050,27000,25050,25700,1605163,-4.814814814814815
2024-12-05,27850,27900,25650,25650,1638757,-0.19455252918287938
2024-12-06,24750,25500,23550,24350,3662034,-5.0682261208577
2024-12-09,24700,25050,22200,22350,1428919,-8.213552361396303
2024-12-10,22350,22700,20700,21150,5529868,-5.369127516778524
2024-12-11,21650,21750,20400,20800,2557351,-1.6548463356973995
2024-12-12,21700,24100,21300,24100,5683136,15.865384615384615
2024-12-13,23400,29350,23200,26200,7343801,8.71369294605809
2024-12-16,27150,29850,27100,28650,5808705,9.351145038167939
2024-12-17,29600,29650,25400,25700,3826742,-10.296684118673648
2024-12-18,26250,27400,25500,27150,2203249,5.642023346303502
2024-12-19,26050,26500,25650,26450,985307,-2.578268876611418
2024-12-20,26100,26450,24850,25000,891031,-5.482041587901701
2024-12-23,24750,25950,24000,24750,1062292,-1.0
2024-12-24,24150,24950,21400,21450,4446745,-13.333333333333334
2024-12-26,21500,21750,20450,20550,2291531,-4.195804195804196
2024-12-27,20300,21450,20000,20250,1580742,-1.4598540145985401
2024-12-30,20100,21500,19990,21200,1317153,4.691358024691358
2025-01-02,19940,20450,18450,19560,2660942,-7.735849056603773
2025-01-03,19200,20950,18950,20550,1808787,5.061349693251533
2025-01-06,20800,21800,20450,21350,1330506,3.8929440389294405
2025-01-07,21400,22000,20850,21200,1031163,-0.702576112412178
2025-01-08,20900,21900,20600,21300,2019858,0.4716981132075472
2025-01-09,21550,21800,20650,21800,1289384,2.3474178403755865
2025-01-10,21650,21650,20700,20700,1679681,-5.045871559633028
2025-01-13,20900,21400,20000,20050,1322927,-3.140096618357488
2025-01-14,20550,20850,20050,20500,702705,2.2443890274314215
2025-01-15,20500,20600,20000,20100,768623,-1.951219512195122
2025-01-16,20450,20750,20200,20300,635687,0.9950248756218906
2025-01-17,20200,20300,19950,20100,764160,-0.9852216748768473
2025-01-20,21200,22150,20550,21100,2719506,4.975124378109453
2025-01-21,21100,21300,19600,19900,1923874,-5.687203791469194
2025-01-22,19710,20100,19000,19400,1725371,-2.512562814070352
2025-01-23,18480,18790,17800,17910,2335206,-7.680412371134021
2025-01-24,17800,18630,17800,17960,1201843,0.27917364600781686
2025-01-31,18040,18260,17100,18010,1166438,0.27839643652561247
2025-02-03,17500,17500,16750,17060,929372,-5.274847307051638
2025-02-04,17060,17850,16900,17310,842124,1.4654161781946073
2025-02-05,17200,19420,17180,18700,2198307,8.03004043905257
2025-02-06,18700,18730,17860,17960,870197,-3.9572192513368987
2025-02-07,17960,18090,17290,17380,765681,-3.229398663697105
2025-02-10,17290,17610,16840,17570,733007,1.093210586881473
2025-02-11,17590,17590,16950,17120,574930,-2.5611838360842345
2025-02-12,17200,17250,16870,16880,634034,-1.4018691588785046
2025-02-13,16910,17300,16840,17300,963129,2.4881516587677726
2025-02-14,17400,17400,16730,17010,887354,-1.676300578034682
2025-02-17,16890,17300,16450,16790,1480242,-1.2933568489124045
2025-02-18,16840,16870,16410,16430,949853,-2.1441334127456817
2025-02-19,16420,17400,16410,16910,2363072,2.9214850882531955
2025-02-20,17010,17660,16670,16680,1369260,-1.360141927853341
2025-02-21,16980,20500,16910,19190,12677978,15.047961630695445
2025-02-24,19520,22950,19380,21850,10239929,13.861386138613863
2025-02-25,22350,23500,20150,20400,5096415,-6.636155606407322
2025-02-26,20550,24150,19700,23900,11355177,17.15686274509804
2025-02-27,23900,24650,22950,23300,4305740,-2.510460251046025
2025-02-28,22950,24150,22000,22500,3504305,-3.4334763948497855
2025-03-04,17400,20000,17000,17770,8216039,-21.022222222222222
2025-03-05,17770,17770,17770,17770,0,0.0
2025-03-06,13240,15400,13020,13130,11514656,-26.1114237478897
2025-03-07,13130,14450,13010,13060,7569092,-0.5331302361005331
2025-03-10,13060,13470,11760,12230,3655715,-6.355283307810107
2025-03-11,11700,13050,11420,13000,4610019,6.295993458708095
2025-03-12,12910,13250,12660,13120,2000700,0.9230769230769231
2025-03-13,13300,15490,13300,14630,8958750,11.509146341463415
2025-03-14,15100,15420,13330,13430,3494087,-8.202323991797677
2025-03-17,13420,13640,12600,12720,2375964,-5.286671630677588
2025-03-18,12600,12810,11860,11970,2706452,-5.89622641509434
2025-03-19,11810,12220,11430,11520,2172980,-3.7593984962406015
2025-03-20,11500,11770,10310,10380,3141618,-9.895833333333332
2025-03-21,10610,10630,9790,9900,4142543,-4.624277456647398
2025-03-24,0,0,0,9900,0,0.0
2025-03-25,0,0,0,9900,0,0.0
2025-03-26,0,0,0,9900,0,0.0
2025-03-27,0,0,0,9900,0,0.0
2025-03-28,0,0,0,9900,0,0.0
2025-03-31,0,0,0,9900,0,0.0
2025-04-01,0,0,0,9900,0,0.0
2025-04-02,0,0,0,9900,0,0.0
2025-04-03,0,0,0,9900,0,0.0
2025-04-04,0,0,0,9900,0,0.0
2025-04-07,0,0,0,9900,0,0.0
2025-04-08,0,0,0,9900,0,0.0
2025-04-09,0,0,0,9900,0,0.0
2025-04-10,0,0,0,9900,0,0.0
2025-04-11,0,0,0,9900,0,0.0
2025-04-14,0,0,0,9900,0,0.0
2025-04-15,0,0,0,9900,0,0.0
2025-04-16,0,0,0,9900,0,0.0
2025-04-17,0,0,0,9900,0,0.0
2025-04-18,0,0,0,9900,0,0.0
2025-04-21,0,0,0,9900,0,0.0
2025-04-22,0,0,0,9900,0,0.0
2025-04-23,0,0,0,9900,0,0.0
2025-04-24,0,0,0,9900,0,0.0
2025-04-25,0,0,0,9900,0,0.0
2025-04-28,0,0,0,9900,0,0.0
2025-04-29,0,0,0,9900,0,0.0
2025-04-30,0,0,0,9900,0,0.0
2025-05-02,0,0,0,9900,0,0.0
2025-05-07,0,0,0,9900,0,0.0
2025-05-08,0,0,0,9900,0,0.0
2025-05-09,0,0,0,9900,0,0.0
2025-05-12,0,0,0,9900,0,0.0
2025-05-13,0,0,0,9900,0,0.0
2025-05-14,0,0,0,9900,0,0.0
2025-05-15,0,0,0,9900,0,0.0
2025-05-16,0,0,0,9900,0,0.0
2025-05-19,0,0,0,9900,0,0.0
2025-05-20,0,0,0,9900,0,0.0
2025-05-21,0,0,0,9900,0,0.0
2025-05-22,0,0,0,9900,0,0.0
2025-05-23,0,0,0,9900,0,0.0
2025-05-26,0,0,0,9900,0,0.0
2025-05-27,0,0,0,9900,0,0.0
2025-05-28,0,0,0,9900,0,0.0
2025-05-29,0,0,0,9900,0,0.0
2025-05-30,0,0,0,9900,0,0.0
2025-06-02,0,0,0,9900,0,0.0
2025-06-04,0,0,0,9900,0,0.0
2025-06-05,0,0,0,9900,0,0.0
2025-06-09,0,0,0,9900,0,0.0
2025-06-10,0,0,0,9900,0,0.0
2025-06-11,0,0,0,9900,0,0.0
2025-06-12,0,0,0,9900,0,0.0
2025-06-13,0,0,0,9900,0,0.0
2025-06-16,0,0,0,9900,0,0.0
2025-06-17,0,0,0,9900,0,0.0
2025-06-18,0,0,0,9900,0,0.0
2025-06-19,0,0,0,9900,0,0.0
2025-06-20,0,0,0,9900,0,0.0
2025-06-23,0,0,0,9900,0,0.0
2025-06-24,0,0,0,9900,0,0.0
2025-06-25,0,0,0,9900,0,0.0
2025-06-26,0,0,0,9900,0,0.0
2025-06-27,0,0,0,9900,0,0.0
2025-06-30,0,0,0,9900,0,0.0
2025-07-01,0,0,0,9900,0,0.0
2025-07-02,0,0,0,9900,0,0.0
2025-07-03,0,0,0,9900,0,0.0
2025-07-04,0,0,0,9900,0,0.0
2025-07-07,0,0,0,9900,0,0.0
2025-07-08,0,0,0,9900,0,0.0
2025-07-09,0,0,0,9900,0,0.0
2025-07-10,0,0,0,9900,0,0.0
2025-07-11,0,0,0,9900,0,0.0
2025-07-14,0,0,0,9900,0,0.0
2025-07-15,0,0,0,9900,0,0.0
2025-07-16,0,0,0,9900,0,0.0
2025-07-17,0,0,0,9900,0,0.0
2025-07-18,0,0,0,9900,0,0.0
2025-07-21,0,0,0,9900,0,0.0
2025-07-22,0,0,0,9900,0,0.0
2025-07-23,0,0,0,9900,0,0.0
2025-07-24,0,0,0,9900,0,0.0
2025-07-25,0,0,0,9900,0,0.0
2025-07-28,0,0,0,9900,0,0.0
2025-07-29,0,0,0,9900,0,0.0
2025-07-30,0,0,0,9900,0,0.0
2025-07-31,0,0,0,9900,0,0.0
2025-08-01,0,0,0,9900,0,0.0
2025-08-04,0,0,0,9900,0,0.0
2025-08-05,0,0,0,9900,0,0.0
2025-08-06,0,0,0,9900,0,0.0
2025-08-07,0,0,0,9900,0,0.0
2025-08-08,0,0,0,9900,0,0.0
2025-08-11,0,0,0,9900,0,0.0
2025-08-12,0,0,0,9900,0,0.0
2025-08-13,0,0,0,9900,0,0.0
2025-08-14,0,0,0,9900,0,0.0
2025-08-18,0,0,0,9900,0,0.0
2025-08-19,0,0,0,9900,0,0.0
2025-08-20,0,0,0,9900,0,0.0
2025-08-21,0,0,0,9900,0,0.0
2025-08-22,0,0,0,9900,0,0.0
2025-08-25,0,0,0,9900,0,0.0
2025-08-26,0,0,0,9900,0,0.0
2025-08-27,0,0,0,9900,0,0.0
2025-08-28,0,0,0,9900,0,0.0
2025-08-29,0,0,0,9900,0,0.0
2025-09-01,0,0,0,9900,0,0.0
2025-09-02,0,0,0,9900,0,0.0
2025-09-03,0,0,0,9900,0,0.0
2025-09-04,0,0,0,9900,0,0.0
2025-09-05,0,0,0,9900,0,0.0
2025-09-08,0,0,0,9900,0,0.0
2025-09-09,0,0,0,9900,0,0.0
2025-09-10,0,0,0,9900,0,0.0
2025-09-11,0,0,0,9900,0,0.0
2025-09-12,0,0,0,9900,0,0.0
2025-09-15,0,0,0,9900,0,0.0
2025-09-16,0,0,0,9900,0,0.0
2025-09-17,0,0,0,9900,0,0.0
2025-09-18,0,0,0,9900,0,0.0
2025-09-19,0,0,0,9900,0,0.0
2025-09-22,0,0,0,9900,0,0.0
2025-09-23,0,0,0,9900,0,0.0
2025-09-24,0,0,0,9900,0,0.0
2025-09-25,0,0,0,9900,0,0.0
2025-09-26,0,0,0,9900,0,0.0
2025-09-29,0,0,0,9900,0,0.0
2025-09-30,0,0,0,9900,0,0.0
2025-10-01,0,0,0,9900,0,0.0
2025-10-02,0,0,0,9900,0,0.0
2025-10-10,0,0,0,9900,0,0.0
2025-10-13,0,0,0,9900,0,0.0
2025-10-14,0,0,0,9900,0,0.0
2025-10-15,0,0,0,9900,0,0.0
2025-10-16,0,0,0,9900,0,0.0
2025-10-17,0,0,0,9900,0,0.0
2025-10-20,0,0,0,9900,0,0.0
2025-10-21,0,0,0,9900,0,0.0
2025-10-22,0,0,0,9900,0,0.0
2025-10-23,0,0,0,9900,0,0.0
2025-10-24,0,0,0,9900,0,0.0
2025-10-27,0,0,0,9900,0,0.0
2025-10-28,0,0,0,9900,0,0.0
2025-10-29,0,0,0,9900,0,0.0
2025-10-30,0,0,0,9900,0,0.0
2025-10-31,0,0,0,9900,0,0.0
2025-11-03,0,0,0,9900,0,0.0
2025-11-04,0,0,0,9900,0,0.0
2025-11-05,0,0,0,9900,0,0.0
2025-11-06,0,0,0,9900,0,0.0
2025-11-07,0,0,0,9900,0,0.0
2025-11-10,0,0,0,9900,0,0.0
2025-11-11,0,0,0,9900,0,0.0
2025-11-12,0,0,0,9900,0,0.0
2025-11-13,0,0,0,9900,0,0.0
2025-11-14,0,0,0,9900,0,0.0
2025-11-17,0,0,0,9900,0,0.0
2025-11-18,0,0,0,9900,0,0.0
2025-11-19,0,0,0,9900,0,0.0
2025-11-20,0,0,0,9900,0,0.0
2025-11-21,0,0,0,9900,0,0.0
2025-11-24,0,0,0,9900,0,0.0
2025-11-25,0,0,0,9900,0,0.0
2025-11-26,0,0,0,9900,0,0.0
2025-11-27,0,0,0,9900,0,0.0
2025-11-28,0,0,0,9900,0,0.0
2025-12-01,0,0,0,9900,0,0.0
2025-12-02,0,0,0,9900,0,0.0
2025-12-03,0,0,0,9900,0,0.0
2025-12-04,0,0,0,9900,0,0.0
2025-12-05,0,0,0,9900,0,0.0
2025-12-08,0,0,0,9900,0,0.0
2025-12-09,0,0,0,9900,0,0.0
2025-12-10,0,0,0,9900,0,0.0
2025-12-11,0,0,0,9900,0,0.0
2025-12-12,0,0,0,9900,0,0.0
2025-12-15,0,0,0,9900,0,0.0
2025-12-16,0,0,0,9900,0,0.0
2025-12-17,0,0,0,9900,0,0.0
2025-12-18,0,0,0,9900,0,0.0
2025-12-19,0,0,0,9900,0,0.0
2025-12-22,0,0,0,9900,0,0.0
2025-12-23,0,0,0,9900,0,0.0
2025-12-24,0,0,0,9900,0,0.0
2025-12-26,0,0,0,9900,0,0.0
2025-12-29,0,0,0,9900,0,0.0
2025-12-30,0,0,0,9900,0,0.0
2026-01-02,0,0,0,9900,0,0.0
2026-01-05,0,0,0,9900,0,0.0
2026-01-06,0,0,0,9900,0,0.0
2026-01-07,0,0,0,9900,0,0.0
2026-01-08,0,0,0,9900,0,0.0
2026-01-09,0,0,0,9900,0,0.0
2026-01-12,0,0,0,9900,0,0.0
2026-01-13,0,0,0,9900,0,0.0
2026-01-14,0,0,0,9900,0,0.0
2026-01-15,0,0,0,9900,0,0.0
2026-01-16,0,0,0,9900,0,0.0
2026-01-19,0,0,0,9900,0,0.0
2026-01-20,0,0,0,9900,0,0.0
2026-01-21,0,0,0,9900,0,0.0
2026-01-22,0,0,0,9900,0,0.0
2026-01-23,0,0,0,9900,0,0.0
2026-01-26,0,0,0,9900,0,0.0
2026-01-27,0,0,0,9900,0,0.0
2026-01-28,0,0,0,9900,0,0.0
2026-01-29,0,0,0,9900,0,0.0
2026-01-30,0,0,0,9900,0,0.0
2026-02-02,0,0,0,9900,0,0.0
2026-02-03,0,0,0,9900,0,0.0
2026-02-04,0,0,0,9900,0,0.0
2026-02-05,0,0,0,9900,0,0.0
2026-02-06,0,0,0,9900,0,0.0
2026-02-09,0,0,0,9900,0,0.0
2026-02-10,0,0,0,9900,0,0.0
2026-02-11,0,0,0,9900,0,0.0
2026-02-12,0,0,0,9900,0,0.0
2026-02-13,0,0,0,9900,0,0.0
2026-02-19,0,0,0,9900,0,0.0
2026-02-20,0,0,0,9900,0,0.0
2026-02-23,0,0,0,9900,0,0.0
2026-02-24,0,0,0,9900,0,0.0
2026-02-25,0,0,0,9900,0,0.0
2026-02-26,0,0,0,9900,0,0.0
2026-02-27,0,0,0,9900,0,0.0
2026-03-03,0,0,0,9900,0,0.0
2026-03-04,0,0,0,9900,0,0.0
2026-03-05,0,0,0,9900,0,0.0
2026-03-06,0,0,0,9900,0,0.0
2026-03-09,0,0,0,9900,0,0.0
2026-03-10,0,0,0,9900,0,0.0
2026-03-11,0,0,0,9900,0,0.0
2026-03-12,0,0,0,9900,0,0.0
2026-03-13,0,0,0,9900,0,0.0
2026-03-16,0,0,0,9900,0,0.0
2026-03-17,0,0,0,9900,0,0.0
2026-03-18,0,0,0,9900,0,0.0
2026-03-19,0,0,0,9900,0,0.0
2026-03-20,0,0,0,9900,0,0.0
2026-03-23,0,0,0,9900,0,0.0
2026-03-24,0,0,0,9900,0,0.0
2026-03-25,0,0,0,9900,0,0.0
2026-03-26,0,0,0,9900,0,0.0
2026-03-27,0,0,0,9900,0,0.0
2026-03-30,0,0,0,9900,0,0.0
2026-03-31,0,0,0,9900,0,0.0
2026-04-01,0,0,0,9900,0,0.0
2026-04-02,0,0,0,9900,0,0.0
2026-04-03,0,0,0,9900,0,0.0
2026-04-06,0,0,0,9900,0,0.0
2026-04-07,0,0,0,9900,0,0.0
2026-04-08,0,0,0,9900,0,0.0
2026-04-09,0,0,0,9900,0,0.0
2026-04-10,0,0,0,9900,0,0.0
2026-04-13,0,0,0,9900,0,0.0
2026-04-14,0,0,0,9900,0,0.0
2026-04-15,0,0,0,9900,0,0.0
2026-04-16,0,0,0,9900,0,0.0
2026-04-17,0,0,0,9900,0,0.0
2026-04-20,0,0,0,9900,0,0.0
2026-04-21,0,0,0,9900,0,0.0
2026-04-22,0,0,0,9900,0,0.0
2026-04-23,0,0,0,9900,0,0.0
2026-04-24,0,0,0,9900,0,0.0
2026-04-27,0,0,0,9900,0,0.0
2026-04-28,0,0,0,9900,0,0.0
2026-04-29,0,0,0,9900,0,0.0
2026-04-30,0,0,0,9900,0,0.0
2026-05-04,0,0,0,9900,0,0.0
2026-05-06,0,0,0,9900,0,0.0
2026-05-07,0,0,0,9900,0,0.0
2026-05-08,0,0,0,9900,0,0.0
2026-05-11,0,0,0,9900,0,0.0
2026-05-12,0,0,0,9900,0,0.0
2026-05-13,0,0,0,9900,0,0.0
2026-05-14,0,0,0,9900,0,0.0
2026-05-15,0,0,0,9900,0,0.0
2026-05-18,0,0,0,9900,0,0.0
2026-05-19,0,0,0,9900,0,0.0
2026-05-20,0,0,0,9900,0,0.0
2026-05-21,0,0,0,9900,0,0.0
2026-05-22,0,0,0,9900,0,0.0
2026-05-26,0,0,0,9900,0,0.0
2026-05-27,0,0,0,9900,0,0.0
2026-05-28,0,0,0,9900,0,0.0
2026-05-29,0,0,0,9900,0,0.0
2026-06-01,0,0,0,9900,0,0.0
2026-06-02,0,0,0,9900,0,0.0
2026-06-04,0,0,0,9900,0,0.0
2026-06-05,0,0,0,9900,0,0.0
2026-06-08,0,0,0,9900,0,0.0
2026-06-09,0,0,0,9900,0,0.0
2026-06-10,0,0,0,9900,0,0.0
2026-06-11,0,0,0,9900,0,0.0
2026-06-12,0,0,0,9900,0,0.0
2026-06-15,0,0,0,9900,0,0.0
2026-06-16,0,0,0,9900,0,0.0
2026-06-17,0,0,0,9900,0,0.0
2026-06-18,0,0,0,9900,0,0.0
2026-06-19,0,0,0,9900,0,0.0
2026-06-22,0,0,0,9900,0,0.0
2026-06-23,0,0,0,9900,0,0.0
2026-06-24,0,0,0,9900,0,0.0
2026-06-25,0,0,0,9900,0,0.0
2026-06-26,0,0,0,9900,0,0.0
2026-06-29,0,0,0,9900,0,0.0
2026-06-30,0,0,0,9900,0,0.0
2026-07-01,0,0,0,9900,0,0.0
2026-07-02,0,0,0,9900,0,0.0
2026-07-03,0,0,0,9900,0,0.0
2026-07-06,0,0,0,9900,0,0.0
2026-07-07,0,0,0,9900,0,0.0
2026-07-08,0,0,0,9900,0,0.0
2026-07-09,0,0,0,9900,0,0.0
2026-07-10,0,0,0,9900,0,0.0
2026-07-13,0,0,0,9900,0,0.0
2026-07-14,0,0,0,9900,0,0.0
2026-07-15,0,0,0,9900,0,0.0
2026-07-16,0,0,0,9900,0,0.0
2026-07-20,0,0,0,9900,0,0.0
2026-07-21,0,0,0,9900,0,0.0
2026-07-22,0,0,0,9900,0,0.0
2026-07-23,0,0,0,9900,0,0.0
2026-07-24,0,0,0,9900,0,0.0
2026-07-27,0,0,0,9900,0,0.0
2026-07-28,0,0,0,9900,0,0.0
2026-07-29,0,0,0,9900,0,0.0
2026-07-30,0,0,0,9900,0,0.0
2026-07-31,0,0,0,9900,0,0.0
2026-08-03,0,0,0,9900,0,0.0
2026-08-04,0,0,0,9900,0,0.0
2026-08-05,0,0,0,9900,0,0.0
2026-08-06,0,0,0,9900,0,0.0
2026-08-07,0,0,0,9900,0,0.0
2026-08-10,0,0,0,9900,0,0.0
2026-08-11,0,0,0,9900,0,0.0
2026-08-12,0,0,0,9900,0,0.0
2026-08-13,0,0,0,9900,0,0.0
2026-08-14,0,0,0,9900,0,0.0
2026-08-18,0,0,0,9900,0,0.0
2026-08-19,0,0,0,9900,0,0.0
2026-08-20,0,0,0,9900,0,0.0
2026-08-21,0,0,0,9900,0,0.0
